id,Gender,Age,Driving_License,Region_Code,Previously_Insured,Vehicle_Age,Vehicle_Damage,Annual_Premium,Policy_Sales_Channel,Vintage
11504798,Female,20,1,47.0,0,< 1 Year,No,2630.0,160.0,228
13992703,Male,22,1,6.0,1,< 1 Year,No,17561.0,152.0,224
11616815,Female,24,1,8.0,1,< 1 Year,No,46418.0,152.0,29
17046570,Female,24,1,13.0,1,< 1 Year,No,28476.0,152.0,62
15312202,Female,44,1,28.0,1,1-2 Year,No,32728.0,124.0,245
12478149,Male,29,1,45.0,1,< 1 Year,No,2630.0,152.0,68
18451903,Male,48,1,28.0,0,1-2 Year,Yes,29526.0,25.0,146
15998539,Male,26,1,28.0,1,< 1 Year,No,27345.0,152.0,204
17294207,Female,36,1,41.0,1,1-2 Year,No,27594.0,152.0,116
18226561,Male,51,1,29.0,0,1-2 Year,Yes,31367.0,26.0,144
18290865,Female,80,1,28.0,1,1-2 Year,No,56534.0,122.0,155
17793085,Female,69,1,48.0,1,1-2 Year,No,2630.0,26.0,126
11567934,Male,50,1,8.0,0,1-2 Year,Yes,39732.0,26.0,138
15099137,Female,22,1,35.0,0,< 1 Year,Yes,2630.0,160.0,132
13371302,Male,25,1,41.0,1,< 1 Year,No,29983.0,152.0,10
11658305,Female,30,1,41.0,1,< 1 Year,No,31767.0,152.0,146
16871985,Male,55,1,12.0,1,1-2 Year,No,30117.0,124.0,112
18306409,Female,29,1,23.0,1,< 1 Year,No,23458.0,152.0,94
14860941,Male,46,1,46.0,0,1-2 Year,Yes,26398.0,124.0,245
15947933,Female,59,1,3.0,0,1-2 Year,Yes,2630.0,26.0,231
14656640,Male,53,1,28.0,0,1-2 Year,Yes,36106.0,124.0,150
15226111,Female,23,1,11.0,1,< 1 Year,No,27228.0,152.0,228
12802531,Male,59,1,35.0,0,1-2 Year,Yes,39726.0,26.0,253
18158666,Male,23,1,28.0,1,< 1 Year,No,47846.0,152.0,100
18360309,Female,26,1,28.0,1,< 1 Year,No,31796.0,152.0,275
18930591,Male,66,1,28.0,0,> 2 Years,Yes,51914.0,122.0,103
16958300,Female,21,1,11.0,1,< 1 Year,No,31275.0,160.0,23
16585029,Male,35,1,28.0,0,1-2 Year,No,61131.0,158.0,258
12272159,Male,60,1,10.0,0,> 2 Years,Yes,36775.0,26.0,189
16199899,Male,24,1,8.0,1,< 1 Year,No,36210.0,152.0,36
13752019,Male,30,1,28.0,1,< 1 Year,No,28533.0,152.0,31
12290990,Female,22,1,2.0,0,< 1 Year,Yes,39281.0,152.0,238
15852723,Female,24,1,8.0,1,< 1 Year,No,37153.0,152.0,219
17871655,Male,58,1,9.0,0,1-2 Year,Yes,35268.0,26.0,100
17093427,Male,39,1,28.0,0,1-2 Year,Yes,41226.0,26.0,158
18290336,Female,20,1,46.0,0,< 1 Year,Yes,32809.0,160.0,127
19013889,Female,43,1,28.0,0,1-2 Year,Yes,42519.0,124.0,77
19147119,Female,53,1,41.0,0,1-2 Year,Yes,37205.0,3.0,56
18932971,Male,25,1,29.0,1,< 1 Year,No,48159.0,152.0,195
13833919,Female,27,1,30.0,0,< 1 Year,No,2630.0,152.0,186
15276668,Female,25,1,41.0,0,< 1 Year,Yes,30667.0,152.0,282
12232740,Male,36,1,41.0,0,1-2 Year,Yes,34248.0,124.0,147
17926606,Female,52,1,3.0,1,1-2 Year,No,2630.0,26.0,256
13733185,Female,57,1,3.0,1,1-2 Year,No,2630.0,26.0,259
17316580,Male,22,1,8.0,1,< 1 Year,No,39735.0,152.0,251
14002085,Male,43,1,28.0,1,1-2 Year,No,43269.0,26.0,68
12687449,Male,29,1,50.0,1,< 1 Year,No,44703.0,152.0,21
13284679,Female,25,1,14.0,1,< 1 Year,No,24986.0,152.0,187
16416222,Male,42,1,8.0,1,1-2 Year,No,30503.0,26.0,90
13358100,Male,24,1,26.0,1,< 1 Year,No,39719.0,152.0,182
14220086,Female,25,1,41.0,1,< 1 Year,No,31148.0,152.0,80
18061616,Male,61,1,28.0,1,1-2 Year,No,58735.0,124.0,60
18708041,Male,38,1,28.0,1,1-2 Year,No,43144.0,124.0,77
17307735,Male,23,1,21.0,1,< 1 Year,No,29373.0,152.0,153
13224108,Female,25,1,28.0,1,< 1 Year,No,49381.0,152.0,260
12349927,Female,29,1,15.0,1,< 1 Year,No,35561.0,152.0,163
16602708,Male,36,1,28.0,0,1-2 Year,Yes,51606.0,26.0,37
12936668,Male,33,1,10.0,0,1-2 Year,Yes,2630.0,157.0,261
15327170,Female,24,1,8.0,1,< 1 Year,No,49723.0,152.0,83
11834997,Male,27,1,6.0,1,< 1 Year,No,35387.0,152.0,123
12553511,Female,24,1,28.0,1,< 1 Year,No,49246.0,152.0,119
16191914,Male,45,1,8.0,0,1-2 Year,No,37006.0,124.0,245
13757676,Female,37,1,28.0,0,1-2 Year,Yes,49455.0,124.0,272
12436675,Male,46,1,28.0,1,1-2 Year,No,39430.0,26.0,118
17946492,Male,40,1,46.0,0,1-2 Year,Yes,22904.0,124.0,269
16121165,Male,23,1,46.0,0,< 1 Year,Yes,44799.0,152.0,258
12151465,Female,22,1,6.0,0,< 1 Year,Yes,24463.0,160.0,234
16753052,Female,42,1,28.0,1,1-2 Year,No,25170.0,122.0,292
15663304,Male,39,1,41.0,0,1-2 Year,Yes,35281.0,124.0,282
14293641,Male,74,1,28.0,0,1-2 Year,Yes,36109.0,124.0,295
11837303,Male,23,1,3.0,1,< 1 Year,No,29489.0,152.0,273
17468627,Female,48,1,28.0,1,1-2 Year,No,51763.0,124.0,98
11798228,Male,36,1,46.0,1,1-2 Year,No,45979.0,124.0,134
11586832,Male,42,1,48.0,0,1-2 Year,Yes,2630.0,103.0,169
16050772,Female,27,1,8.0,1,< 1 Year,No,48409.0,152.0,277
15881086,Male,21,1,28.0,0,< 1 Year,Yes,43716.0,26.0,172
17811905,Male,40,1,28.0,0,1-2 Year,Yes,48616.0,124.0,234
13547330,Male,67,1,28.0,1,1-2 Year,No,39091.0,124.0,92
15433263,Female,45,1,28.0,0,> 2 Years,Yes,42568.0,124.0,35
13721506,Female,24,1,8.0,1,< 1 Year,No,38358.0,152.0,144
18488723,Male,45,1,46.0,1,1-2 Year,No,31801.0,26.0,122
15032664,Male,22,1,12.0,0,1-2 Year,Yes,2630.0,124.0,298
16110704,Male,23,1,35.0,1,< 1 Year,No,27486.0,152.0,96
16701034,Male,43,1,2.0,0,1-2 Year,Yes,29253.0,152.0,180
13294161,Female,23,1,25.0,1,< 1 Year,No,24115.0,152.0,250
16562596,Male,25,1,29.0,1,< 1 Year,No,27458.0,152.0,166
14202507,Female,22,1,28.0,0,< 1 Year,Yes,29886.0,152.0,165
17885467,Female,23,1,10.0,0,< 1 Year,Yes,38865.0,152.0,234
12894366,Female,27,1,8.0,1,< 1 Year,No,36912.0,152.0,282
12913492,Male,50,1,28.0,0,1-2 Year,Yes,30261.0,26.0,241
14475818,Female,50,1,8.0,1,1-2 Year,No,34346.0,124.0,134
15792335,Male,63,1,28.0,0,> 2 Years,Yes,72544.0,24.0,248
12863696,Female,24,1,21.0,1,< 1 Year,No,32777.0,152.0,195
13199487,Male,22,1,3.0,1,< 1 Year,No,28362.0,152.0,66
17225012,Male,22,1,29.0,1,< 1 Year,No,34373.0,152.0,65
17628257,Female,25,1,11.0,1,< 1 Year,No,28368.0,152.0,72
19102771,Male,24,1,21.0,1,< 1 Year,No,37492.0,152.0,282
19040445,Male,44,1,11.0,0,1-2 Year,Yes,30861.0,26.0,256
18977138,Male,46,1,28.0,1,1-2 Year,No,44627.0,124.0,141
16831598,Female,42,1,11.0,0,1-2 Year,Yes,32518.0,122.0,44
17163062,Female,26,1,15.0,1,< 1 Year,No,49229.0,152.0,103
15390346,Male,51,1,28.0,0,1-2 Year,Yes,2630.0,26.0,19
17299211,Male,30,1,5.0,0,< 1 Year,Yes,24355.0,152.0,50
12998746,Male,54,1,47.0,1,1-2 Year,No,32976.0,26.0,83
15263751,Male,43,1,37.0,1,1-2 Year,No,34073.0,29.0,104
11515957,Male,32,1,15.0,0,< 1 Year,Yes,30362.0,152.0,80
12239127,Female,50,1,28.0,0,1-2 Year,Yes,68464.0,26.0,78
17572991,Female,26,1,28.0,1,< 1 Year,No,27128.0,152.0,81
17398059,Male,22,1,28.0,1,< 1 Year,No,28163.0,152.0,206
16008643,Male,23,1,28.0,0,< 1 Year,Yes,2630.0,156.0,112
15685134,Female,23,1,13.0,1,< 1 Year,No,28894.0,152.0,254
11771951,Female,61,1,28.0,0,1-2 Year,Yes,42118.0,26.0,94
12109445,Female,25,1,17.0,0,< 1 Year,Yes,2630.0,152.0,197
14367218,Female,25,1,26.0,1,< 1 Year,No,40324.0,152.0,180
17772374,Male,57,1,28.0,0,> 2 Years,Yes,57500.0,124.0,282
17753842,Male,20,1,27.0,0,< 1 Year,Yes,28265.0,160.0,145
15862585,Female,27,1,30.0,1,< 1 Year,No,25401.0,152.0,262
16037667,Male,51,1,28.0,0,1-2 Year,Yes,42614.0,26.0,83
15852520,Female,24,1,46.0,0,< 1 Year,No,2630.0,160.0,141
13680576,Female,22,1,15.0,1,< 1 Year,No,32914.0,152.0,140
15788036,Female,20,1,50.0,0,< 1 Year,Yes,35348.0,160.0,194
16248807,Male,23,1,23.0,1,< 1 Year,No,21433.0,152.0,280
16973629,Male,57,1,37.0,0,1-2 Year,Yes,2630.0,124.0,236
13665892,Male,45,1,46.0,0,1-2 Year,Yes,25126.0,26.0,76
12949211,Male,74,1,28.0,1,1-2 Year,No,38228.0,26.0,67
16506113,Female,35,1,28.0,1,1-2 Year,No,32496.0,122.0,160
17302245,Male,25,1,28.0,1,< 1 Year,No,30383.0,152.0,193
14449067,Male,52,1,28.0,0,> 2 Years,Yes,30027.0,157.0,91
18202191,Female,53,1,28.0,1,1-2 Year,Yes,2630.0,25.0,274
11966734,Male,24,1,11.0,0,< 1 Year,Yes,28787.0,152.0,215
18813271,Female,36,1,24.0,0,1-2 Year,Yes,27560.0,156.0,276
17878705,Female,22,1,10.0,0,< 1 Year,Yes,27787.0,152.0,270
13958312,Male,23,1,28.0,1,< 1 Year,No,23983.0,152.0,160
14558133,Male,70,1,28.0,1,1-2 Year,No,51361.0,125.0,94
12409584,Male,39,1,20.0,1,1-2 Year,No,2630.0,124.0,30
12945770,Male,72,1,28.0,0,> 2 Years,Yes,44210.0,52.0,38
12856433,Female,22,1,30.0,1,< 1 Year,No,23470.0,152.0,77
13260499,Male,37,1,28.0,0,1-2 Year,Yes,49234.0,124.0,275
11805940,Female,56,1,28.0,0,1-2 Year,Yes,48823.0,26.0,187
13917695,Female,24,1,8.0,1,< 1 Year,No,34691.0,152.0,185
15331969,Female,25,1,11.0,1,< 1 Year,No,51448.0,152.0,255
18976590,Male,22,1,21.0,0,< 1 Year,Yes,27939.0,152.0,142
18915047,Female,22,1,13.0,1,< 1 Year,No,27197.0,152.0,215
14190726,Female,26,1,13.0,1,< 1 Year,No,27758.0,152.0,85
12007750,Male,41,1,50.0,0,1-2 Year,Yes,2630.0,124.0,111
13759904,Male,52,1,28.0,0,1-2 Year,Yes,53429.0,26.0,63
14649557,Male,49,1,8.0,0,1-2 Year,Yes,39798.0,26.0,74
14800850,Female,38,1,8.0,0,> 2 Years,Yes,2630.0,124.0,284
17620486,Female,28,1,33.0,1,< 1 Year,No,31684.0,152.0,212
17293811,Female,46,1,31.0,1,1-2 Year,Yes,2630.0,124.0,194
16370936,Male,35,1,30.0,0,1-2 Year,Yes,31128.0,154.0,115
13140801,Male,53,1,16.0,1,1-2 Year,No,2630.0,152.0,177
14033533,Male,21,1,8.0,1,< 1 Year,No,39327.0,160.0,281
19102907,Female,26,1,6.0,1,< 1 Year,No,29077.0,152.0,18
16857601,Female,23,1,33.0,1,< 1 Year,No,26665.0,152.0,88
15910252,Female,28,1,11.0,1,< 1 Year,No,28259.0,152.0,264
15114920,Male,21,1,39.0,0,< 1 Year,Yes,27447.0,152.0,80
12787843,Male,43,1,8.0,1,1-2 Year,No,33354.0,26.0,53
13723823,Female,34,1,29.0,1,1-2 Year,No,31544.0,152.0,25
19125205,Male,22,1,47.0,0,< 1 Year,Yes,43707.0,152.0,84
13693787,Female,24,1,29.0,1,< 1 Year,No,43725.0,152.0,130
11668600,Male,47,1,28.0,0,1-2 Year,Yes,42695.0,26.0,189
14420177,Male,42,1,45.0,1,1-2 Year,No,2630.0,26.0,209
15640012,Male,24,1,15.0,1,< 1 Year,No,37535.0,152.0,249
17789342,Female,77,1,28.0,0,1-2 Year,Yes,56926.0,122.0,105
19008877,Female,26,1,2.0,0,< 1 Year,Yes,21521.0,152.0,219
14854302,Female,35,1,28.0,0,1-2 Year,Yes,46660.0,55.0,235
16665705,Male,72,1,8.0,1,1-2 Year,No,49058.0,7.0,71
14377337,Male,60,1,28.0,0,1-2 Year,Yes,2630.0,156.0,42
18115323,Male,30,1,28.0,1,< 1 Year,No,30204.0,152.0,45
16423642,Male,29,1,28.0,0,< 1 Year,No,30115.0,152.0,28
17638683,Male,49,1,33.0,0,1-2 Year,Yes,40798.0,26.0,65
12752404,Female,40,1,41.0,1,1-2 Year,Yes,2630.0,124.0,193
16584428,Male,52,1,29.0,0,1-2 Year,Yes,2630.0,26.0,96
13333354,Female,26,1,28.0,1,< 1 Year,No,30052.0,152.0,282
17117421,Female,23,1,11.0,1,< 1 Year,No,35783.0,152.0,240
18973668,Male,61,1,8.0,1,1-2 Year,No,32183.0,26.0,96
13381353,Female,28,1,41.0,1,< 1 Year,No,28920.0,152.0,36
13598373,Female,47,1,28.0,1,1-2 Year,No,38075.0,26.0,251
15912313,Male,24,1,28.0,0,< 1 Year,Yes,29096.0,152.0,272
12685598,Female,41,1,0.0,0,1-2 Year,Yes,2630.0,26.0,26
16184920,Male,32,1,28.0,1,1-2 Year,No,25506.0,26.0,149
15954858,Male,28,1,8.0,1,< 1 Year,No,48624.0,152.0,20
12225870,Male,66,1,38.0,1,1-2 Year,No,2630.0,26.0,164
15468894,Male,37,1,48.0,0,1-2 Year,Yes,2630.0,152.0,251
12775537,Male,24,1,44.0,1,< 1 Year,No,28360.0,26.0,247
16246426,Female,31,1,11.0,0,< 1 Year,No,2630.0,152.0,189
13780526,Male,35,1,29.0,0,< 1 Year,No,2630.0,1.0,259
17564001,Female,64,1,28.0,1,1-2 Year,No,25892.0,24.0,122
17894146,Female,25,1,41.0,1,< 1 Year,No,36943.0,152.0,216
12235347,Male,38,1,3.0,0,1-2 Year,Yes,27324.0,26.0,227
16862991,Female,28,1,37.0,1,< 1 Year,No,29516.0,152.0,39
17415685,Male,30,1,10.0,0,1-2 Year,Yes,28020.0,157.0,186
18752409,Male,24,1,25.0,0,< 1 Year,Yes,23129.0,152.0,106
12918882,Male,57,1,33.0,0,1-2 Year,Yes,38893.0,124.0,99
11560386,Female,33,1,33.0,1,< 1 Year,No,2630.0,160.0,42
13345970,Male,58,1,31.0,0,> 2 Years,Yes,2630.0,26.0,189
15033627,Female,46,1,28.0,0,1-2 Year,No,50590.0,26.0,134
18262899,Female,24,1,27.0,0,< 1 Year,Yes,25114.0,152.0,104
14222278,Male,26,1,28.0,0,< 1 Year,Yes,39107.0,152.0,87
12263210,Female,21,1,13.0,0,< 1 Year,Yes,33849.0,152.0,186
14195104,Male,58,1,28.0,0,1-2 Year,Yes,61161.0,26.0,244
15855880,Female,23,1,18.0,1,< 1 Year,No,25897.0,152.0,131
16899246,Female,32,1,15.0,1,< 1 Year,No,33123.0,160.0,117
18606251,Female,23,1,41.0,1,< 1 Year,No,25164.0,152.0,147
16950847,Male,40,1,41.0,0,1-2 Year,Yes,2630.0,157.0,229
16819370,Male,47,1,46.0,0,1-2 Year,Yes,26642.0,26.0,175
17558019,Male,45,1,19.0,0,1-2 Year,Yes,31396.0,26.0,262
11668669,Female,35,1,11.0,0,1-2 Year,Yes,25803.0,26.0,152
12137642,Male,22,1,37.0,1,< 1 Year,Yes,28698.0,152.0,282
11600453,Female,40,1,28.0,1,1-2 Year,No,37726.0,124.0,227
18622708,Female,39,1,30.0,0,1-2 Year,No,26578.0,124.0,208
13481131,Female,23,1,14.0,1,< 1 Year,No,23650.0,152.0,103
16639023,Female,23,1,46.0,1,< 1 Year,No,29168.0,152.0,200
18268598,Male,21,1,10.0,0,< 1 Year,No,27042.0,152.0,270
12107168,Female,22,1,2.0,1,< 1 Year,No,39587.0,152.0,184
15140146,Female,25,1,6.0,1,< 1 Year,No,25500.0,152.0,256
16301006,Female,43,1,28.0,1,1-2 Year,No,38909.0,155.0,13
18066243,Male,42,1,3.0,1,1-2 Year,Yes,35440.0,124.0,299
14394532,Male,28,1,41.0,1,< 1 Year,No,28687.0,152.0,28
12159005,Male,41,1,28.0,0,1-2 Year,Yes,46787.0,26.0,282
15771279,Male,61,1,29.0,0,1-2 Year,Yes,58664.0,26.0,269
19146831,Female,21,1,36.0,1,< 1 Year,No,27397.0,160.0,197
13226087,Female,68,1,28.0,0,1-2 Year,Yes,59837.0,124.0,285
16360784,Male,48,1,35.0,0,1-2 Year,Yes,20544.0,26.0,91
12290870,Female,34,1,28.0,0,1-2 Year,Yes,28900.0,124.0,57
12588461,Male,43,1,0.0,1,1-2 Year,No,2630.0,124.0,261
18529840,Male,41,1,28.0,0,> 2 Years,Yes,34863.0,54.0,136
16376485,Male,21,1,30.0,0,< 1 Year,Yes,30554.0,160.0,291
14088081,Female,21,1,46.0,1,< 1 Year,No,30211.0,160.0,181
15731014,Male,73,1,27.0,1,1-2 Year,No,31821.0,26.0,195
14590450,Female,24,1,14.0,1,< 1 Year,No,32574.0,152.0,185
14765191,Male,42,1,11.0,1,1-2 Year,No,2630.0,26.0,281
15830147,Female,29,1,28.0,0,1-2 Year,Yes,33630.0,154.0,201
18327213,Male,40,1,28.0,0,1-2 Year,Yes,29207.0,124.0,238
11816511,Male,52,1,47.0,0,1-2 Year,Yes,2630.0,157.0,209
18699345,Male,22,1,37.0,0,< 1 Year,Yes,37690.0,152.0,221
13783175,Female,21,1,21.0,0,< 1 Year,No,29098.0,160.0,223
17453459,Male,22,1,48.0,0,< 1 Year,Yes,2630.0,152.0,113
17308654,Male,22,1,46.0,1,< 1 Year,No,25126.0,152.0,226
11995839,Female,25,1,18.0,1,< 1 Year,No,35147.0,152.0,187
13990330,Female,25,1,29.0,1,< 1 Year,No,30984.0,152.0,170
12646520,Male,32,1,28.0,0,< 1 Year,Yes,35643.0,124.0,183
14977189,Male,20,1,9.0,0,< 1 Year,Yes,2630.0,160.0,82
14060592,Male,42,1,18.0,0,1-2 Year,Yes,27961.0,26.0,84
13722279,Male,63,1,50.0,1,1-2 Year,No,28186.0,124.0,156
15195238,Female,24,1,36.0,0,< 1 Year,Yes,34989.0,152.0,135
15369737,Male,24,1,50.0,1,< 1 Year,No,35292.0,152.0,83
14684141,Male,70,1,8.0,0,1-2 Year,Yes,38230.0,124.0,113
18719691,Male,24,1,28.0,1,< 1 Year,No,48543.0,152.0,136
14090557,Female,23,1,46.0,1,< 1 Year,No,28348.0,152.0,228
12076017,Female,64,1,50.0,0,1-2 Year,Yes,24285.0,8.0,40
16135112,Female,37,1,28.0,0,1-2 Year,Yes,35684.0,124.0,189
18387384,Male,23,1,30.0,1,< 1 Year,No,31272.0,152.0,115
14651853,Female,41,1,28.0,1,1-2 Year,No,35693.0,152.0,204
12774725,Male,74,1,50.0,1,1-2 Year,No,36940.0,26.0,70
12697898,Male,53,1,50.0,0,1-2 Year,Yes,51138.0,26.0,248
11627142,Male,36,1,28.0,0,1-2 Year,Yes,49113.0,122.0,169
12499773,Female,67,1,28.0,0,1-2 Year,Yes,43503.0,3.0,245
14476089,Female,28,1,35.0,1,< 1 Year,No,38259.0,152.0,14
14033925,Male,68,1,28.0,0,1-2 Year,Yes,38415.0,124.0,210
18314919,Male,56,1,10.0,1,1-2 Year,No,34172.0,26.0,141
13634855,Male,48,1,31.0,0,1-2 Year,Yes,2630.0,26.0,294
17116428,Female,29,1,50.0,1,< 1 Year,No,35056.0,152.0,242
12475914,Female,44,1,28.0,0,1-2 Year,Yes,57389.0,124.0,136
15314191,Male,22,1,15.0,1,< 1 Year,No,32354.0,152.0,56
16581651,Female,35,1,15.0,1,1-2 Year,No,29091.0,152.0,273
13874538,Female,26,1,30.0,1,< 1 Year,No,31764.0,152.0,265
13831053,Female,58,0,28.0,0,1-2 Year,Yes,36755.0,26.0,205
14506925,Male,40,1,28.0,0,1-2 Year,Yes,33086.0,26.0,249
12042502,Male,70,1,28.0,0,1-2 Year,Yes,26894.0,26.0,106
12991110,Male,50,1,12.0,0,1-2 Year,Yes,23789.0,26.0,245
17783880,Male,64,1,33.0,0,> 2 Years,Yes,40798.0,124.0,165
11819146,Male,23,1,46.0,1,< 1 Year,No,29679.0,160.0,175
12561222,Female,41,1,28.0,1,1-2 Year,No,24952.0,60.0,58
14674460,Male,63,1,34.0,0,1-2 Year,Yes,2630.0,124.0,250
15845430,Male,51,1,20.0,0,> 2 Years,Yes,2630.0,154.0,70
19169639,Female,51,1,15.0,0,1-2 Year,Yes,44180.0,124.0,160
14217749,Female,20,1,36.0,1,< 1 Year,Yes,2630.0,160.0,215
12767964,Female,31,1,28.0,1,< 1 Year,No,60592.0,151.0,43
15118564,Female,31,1,35.0,0,< 1 Year,No,30498.0,152.0,103
18523818,Male,61,1,45.0,0,1-2 Year,Yes,33522.0,26.0,244
11804744,Male,25,1,8.0,0,< 1 Year,Yes,32868.0,152.0,85
18006450,Male,24,1,28.0,1,< 1 Year,No,45937.0,152.0,149
13498326,Male,31,1,41.0,0,1-2 Year,Yes,35188.0,124.0,220
17375731,Male,47,1,28.0,0,1-2 Year,Yes,50175.0,124.0,66
12874091,Male,26,1,21.0,0,< 1 Year,Yes,22245.0,152.0,130
11894228,Male,42,1,29.0,1,1-2 Year,No,34582.0,29.0,232
11827269,Female,54,1,7.0,0,1-2 Year,No,2630.0,26.0,207
14684573,Male,45,1,8.0,1,1-2 Year,No,56493.0,26.0,179
17135798,Female,43,1,11.0,0,1-2 Year,Yes,37195.0,124.0,278
17522428,Male,44,1,1.0,0,1-2 Year,Yes,2630.0,157.0,177
14770277,Female,37,1,46.0,0,1-2 Year,Yes,30380.0,124.0,15
11824883,Female,22,1,4.0,1,< 1 Year,No,28368.0,152.0,115
19096709,Female,59,1,41.0,0,1-2 Year,Yes,35180.0,124.0,256
12762923,Female,27,1,8.0,1,< 1 Year,No,49889.0,152.0,219
16581799,Male,70,1,24.0,0,1-2 Year,Yes,27191.0,145.0,165
16289957,Male,67,1,25.0,1,1-2 Year,No,2630.0,26.0,102
15423825,Female,52,1,28.0,0,1-2 Year,Yes,42345.0,26.0,164
17729664,Male,24,1,3.0,1,< 1 Year,No,25361.0,152.0,278
13122699,Male,60,1,8.0,0,1-2 Year,Yes,36606.0,26.0,110
15489000,Female,42,1,4.0,0,1-2 Year,Yes,29342.0,26.0,76
18399329,Female,64,1,28.0,0,1-2 Year,Yes,43967.0,55.0,178
18242029,Female,24,1,11.0,1,< 1 Year,No,20641.0,152.0,94
12108181,Female,53,1,50.0,0,1-2 Year,Yes,27850.0,26.0,187
13643457,Male,20,1,25.0,1,< 1 Year,No,2630.0,160.0,41
11790425,Male,54,1,28.0,0,1-2 Year,No,42517.0,122.0,267
18991481,Female,22,1,7.0,1,< 1 Year,No,39007.0,152.0,112
16208294,Male,23,1,41.0,0,< 1 Year,No,36066.0,151.0,273
14109355,Female,66,1,28.0,0,1-2 Year,Yes,29888.0,124.0,170
12313590,Male,23,1,5.0,0,< 1 Year,No,29234.0,152.0,171
13570267,Female,27,1,36.0,1,< 1 Year,No,34684.0,152.0,42
15301821,Male,59,1,28.0,0,1-2 Year,Yes,30563.0,25.0,139
12840746,Male,53,1,28.0,0,1-2 Year,Yes,35999.0,124.0,84
18713930,Male,58,1,28.0,1,1-2 Year,No,45497.0,26.0,257
13225995,Male,46,1,8.0,1,1-2 Year,Yes,34945.0,30.0,103
16313665,Male,23,1,39.0,0,< 1 Year,Yes,2630.0,151.0,167
18018768,Female,23,1,37.0,1,< 1 Year,No,29117.0,152.0,92
13306454,Male,48,1,36.0,0,1-2 Year,Yes,33774.0,122.0,238
14301767,Female,30,1,8.0,1,< 1 Year,No,2630.0,152.0,246
16371328,Male,21,1,46.0,1,< 1 Year,No,24782.0,160.0,228
17706167,Female,21,1,41.0,0,1-2 Year,Yes,2630.0,26.0,242
18144438,Female,52,1,28.0,0,1-2 Year,Yes,2630.0,124.0,220
12287802,Male,47,1,28.0,0,1-2 Year,Yes,38827.0,26.0,174
17101648,Male,26,1,41.0,1,< 1 Year,No,31576.0,152.0,96
16480882,Male,27,1,7.0,0,< 1 Year,Yes,30911.0,26.0,119
14272942,Male,24,1,30.0,1,1-2 Year,No,44483.0,124.0,119
12839921,Female,23,1,47.0,0,< 1 Year,Yes,24138.0,152.0,122
11817481,Female,60,1,47.0,0,1-2 Year,Yes,2630.0,157.0,42
14207586,Male,56,1,28.0,0,1-2 Year,Yes,39073.0,122.0,294
15277064,Male,46,1,30.0,0,1-2 Year,Yes,28384.0,124.0,194
15010356,Male,23,1,28.0,1,< 1 Year,No,47844.0,152.0,54
14668872,Female,77,1,6.0,1,1-2 Year,Yes,2630.0,26.0,256
17205566,Male,44,1,28.0,0,1-2 Year,Yes,29964.0,26.0,245
15161658,Female,60,1,3.0,1,1-2 Year,Yes,27360.0,26.0,70
19036598,Male,22,1,34.0,0,< 1 Year,Yes,29076.0,152.0,189
18333263,Male,34,1,36.0,0,1-2 Year,Yes,29959.0,152.0,229
16311657,Male,24,1,28.0,0,1-2 Year,Yes,42009.0,124.0,46
18766810,Male,45,1,28.0,1,1-2 Year,No,44145.0,124.0,59
17915948,Female,45,1,28.0,0,> 2 Years,Yes,31227.0,124.0,271
18116271,Female,39,1,29.0,1,1-2 Year,No,27604.0,157.0,59
17156963,Male,49,1,28.0,0,1-2 Year,Yes,54619.0,124.0,289
12170110,Male,52,1,29.0,1,1-2 Year,No,27990.0,124.0,215
16053870,Female,66,1,15.0,0,1-2 Year,No,31651.0,26.0,189
18625473,Female,33,1,20.0,0,1-2 Year,Yes,2630.0,26.0,84
13177978,Male,44,1,8.0,0,1-2 Year,Yes,40996.0,26.0,120
18095952,Female,22,1,29.0,1,< 1 Year,No,32545.0,152.0,141
17301823,Male,22,1,41.0,0,< 1 Year,Yes,23897.0,152.0,223
15044300,Male,40,1,31.0,1,1-2 Year,Yes,2630.0,26.0,158
14306881,Male,44,1,10.0,0,1-2 Year,Yes,35181.0,124.0,298
14089886,Female,22,1,15.0,0,< 1 Year,No,37796.0,152.0,277
16565961,Male,50,1,47.0,0,1-2 Year,Yes,37134.0,16.0,217
15150795,Male,21,1,28.0,1,< 1 Year,No,54918.0,152.0,298
17381695,Female,21,1,27.0,0,< 1 Year,Yes,28505.0,152.0,178
15207111,Male,22,1,13.0,1,< 1 Year,No,18209.0,152.0,170
12514915,Male,63,1,31.0,1,1-2 Year,No,2630.0,124.0,148
17679146,Female,26,1,28.0,0,< 1 Year,No,45407.0,152.0,256
16605568,Male,53,1,41.0,0,1-2 Year,Yes,2630.0,124.0,59
16280581,Female,25,1,4.0,1,< 1 Year,No,2630.0,152.0,19
11993117,Male,42,1,28.0,1,1-2 Year,No,34378.0,26.0,217
15781830,Female,28,1,8.0,0,1-2 Year,Yes,2630.0,155.0,295
17684936,Female,36,1,28.0,0,1-2 Year,Yes,33185.0,124.0,192
16146388,Male,24,1,8.0,1,< 1 Year,No,38120.0,152.0,227
14764740,Male,65,1,28.0,1,1-2 Year,No,61315.0,26.0,259
18288669,Male,31,1,8.0,0,< 1 Year,Yes,2630.0,124.0,172
12702330,Female,47,1,50.0,0,1-2 Year,Yes,36998.0,8.0,284
16836097,Male,43,1,28.0,0,1-2 Year,Yes,50854.0,26.0,58
18520792,Male,33,1,41.0,0,1-2 Year,Yes,2630.0,157.0,276
14491230,Female,60,1,28.0,1,1-2 Year,No,59022.0,26.0,117
13442368,Female,22,1,46.0,1,< 1 Year,No,27417.0,152.0,126
11570432,Male,33,1,33.0,1,< 1 Year,No,34103.0,152.0,281
12381993,Female,23,1,8.0,1,< 1 Year,No,55899.0,152.0,226
12719244,Female,70,1,31.0,1,1-2 Year,No,2630.0,152.0,215
17307575,Male,24,1,37.0,1,< 1 Year,Yes,2630.0,152.0,248
18491173,Male,29,1,27.0,1,< 1 Year,No,2630.0,151.0,196
17305037,Male,44,1,28.0,0,> 2 Years,Yes,49524.0,26.0,188
17380725,Male,44,1,41.0,1,1-2 Year,No,25398.0,124.0,96
13172010,Male,51,1,28.0,1,1-2 Year,No,46679.0,26.0,22
15916765,Female,24,1,29.0,1,< 1 Year,No,39360.0,152.0,38
16606438,Male,39,1,20.0,0,1-2 Year,Yes,2630.0,26.0,137
13649807,Female,25,1,9.0,1,< 1 Year,No,39126.0,152.0,142
11903336,Female,41,1,13.0,0,1-2 Year,Yes,31186.0,26.0,78
12219334,Female,21,1,30.0,1,< 1 Year,No,27786.0,152.0,11
18389065,Female,22,1,41.0,0,< 1 Year,No,29015.0,152.0,188
13409204,Female,30,1,46.0,0,< 1 Year,Yes,2630.0,152.0,134
16913229,Male,61,1,46.0,0,> 2 Years,Yes,2630.0,124.0,204
14932425,Male,45,1,28.0,0,1-2 Year,Yes,38559.0,26.0,141
12440420,Female,70,1,47.0,0,1-2 Year,Yes,40318.0,124.0,210
16795484,Female,36,1,28.0,0,1-2 Year,Yes,24316.0,124.0,282
16442413,Female,45,1,8.0,0,> 2 Years,Yes,44407.0,26.0,64
13813297,Female,45,1,30.0,0,1-2 Year,Yes,29241.0,152.0,129
12775939,Male,66,1,29.0,0,1-2 Year,Yes,28314.0,124.0,37
13401052,Male,41,1,28.0,0,1-2 Year,Yes,32198.0,124.0,76
18016624,Male,48,1,28.0,1,1-2 Year,No,2630.0,122.0,226
15172413,Male,24,1,10.0,1,< 1 Year,No,30620.0,151.0,298
13707398,Male,26,1,10.0,1,< 1 Year,No,29276.0,152.0,147
16082907,Female,26,1,9.0,0,< 1 Year,No,25062.0,152.0,145
17398753,Female,27,1,14.0,1,< 1 Year,No,25470.0,152.0,272
12756339,Male,64,1,28.0,1,1-2 Year,Yes,31402.0,26.0,157
11602080,Male,28,1,8.0,1,< 1 Year,No,29805.0,152.0,266
13940651,Female,27,1,28.0,1,< 1 Year,No,69775.0,152.0,238
12164543,Female,26,1,8.0,1,< 1 Year,No,27791.0,160.0,182
17874951,Female,49,1,15.0,0,1-2 Year,Yes,2630.0,26.0,249
14109539,Male,52,1,28.0,0,1-2 Year,Yes,2630.0,25.0,57
12883332,Male,44,1,23.0,1,1-2 Year,No,2630.0,26.0,24
13270354,Male,42,1,3.0,0,1-2 Year,Yes,18576.0,124.0,271
17269889,Female,26,1,28.0,1,< 1 Year,No,31686.0,152.0,296
14101081,Female,41,1,21.0,0,1-2 Year,Yes,40748.0,26.0,30
17453329,Female,53,1,8.0,1,1-2 Year,No,2630.0,152.0,127
17916279,Male,25,1,32.0,0,< 1 Year,Yes,32117.0,152.0,233
17242765,Female,53,1,28.0,0,1-2 Year,Yes,71423.0,26.0,76
12977988,Female,44,1,28.0,0,1-2 Year,Yes,2630.0,31.0,206
15185559,Male,23,1,46.0,1,< 1 Year,No,32425.0,152.0,249
13627642,Male,38,1,16.0,0,1-2 Year,Yes,2630.0,124.0,162
17638160,Male,33,1,9.0,0,1-2 Year,Yes,37694.0,26.0,256
16882969,Female,22,1,13.0,1,< 1 Year,No,27150.0,152.0,177
16732831,Male,39,1,28.0,1,> 2 Years,Yes,2630.0,158.0,160
17412723,Male,71,1,28.0,0,1-2 Year,Yes,28951.0,124.0,211
12158594,Female,49,1,28.0,0,> 2 Years,Yes,49071.0,26.0,42
16144481,Female,62,1,28.0,1,1-2 Year,No,50992.0,124.0,190
15428577,Male,50,1,2.0,0,1-2 Year,Yes,35744.0,124.0,275
12094706,Female,21,1,27.0,1,< 1 Year,No,2630.0,152.0,158
17273078,Female,45,1,39.0,0,1-2 Year,Yes,2630.0,156.0,243
14965954,Female,45,1,28.0,0,> 2 Years,Yes,2630.0,124.0,73
15004869,Female,24,1,28.0,1,< 1 Year,No,29079.0,152.0,168
18277927,Female,44,1,28.0,0,1-2 Year,Yes,40470.0,26.0,255
13510638,Female,22,1,15.0,1,< 1 Year,No,2630.0,160.0,228
17417465,Female,22,1,8.0,1,< 1 Year,No,32137.0,152.0,31
12924987,Female,29,1,3.0,0,1-2 Year,Yes,2630.0,156.0,172
12659102,Male,53,1,46.0,1,1-2 Year,No,2630.0,122.0,61
18115069,Female,25,1,45.0,1,< 1 Year,No,29643.0,26.0,102
13778757,Female,48,1,28.0,1,1-2 Year,No,54867.0,26.0,250
18649526,Female,22,1,24.0,1,< 1 Year,No,27905.0,152.0,282
15274013,Female,66,1,11.0,0,1-2 Year,Yes,37996.0,124.0,163
15146393,Female,23,1,8.0,0,< 1 Year,Yes,50846.0,152.0,134
13089830,Male,62,1,11.0,0,1-2 Year,Yes,33523.0,124.0,24
18033167,Female,34,1,28.0,0,1-2 Year,Yes,63765.0,122.0,236
17152490,Male,37,1,45.0,0,1-2 Year,Yes,33132.0,52.0,95
13434453,Male,41,1,8.0,0,1-2 Year,Yes,40759.0,124.0,117
18152714,Male,33,1,48.0,1,1-2 Year,No,2630.0,26.0,290
15074125,Female,33,1,30.0,1,< 1 Year,No,25161.0,152.0,151
14486178,Male,63,1,30.0,0,1-2 Year,Yes,2630.0,156.0,102
15630208,Female,26,1,1.0,0,< 1 Year,Yes,2630.0,152.0,248
17664493,Female,53,1,28.0,0,1-2 Year,Yes,54827.0,26.0,187
12910966,Male,26,1,2.0,1,< 1 Year,No,29837.0,152.0,195
13476157,Male,49,1,21.0,0,1-2 Year,No,25671.0,26.0,76
13585112,Male,41,1,28.0,0,1-2 Year,Yes,35162.0,124.0,119
13079832,Male,52,1,28.0,0,1-2 Year,Yes,44106.0,124.0,114
16333265,Female,54,1,28.0,0,1-2 Year,Yes,49865.0,124.0,162
15892629,Male,46,1,28.0,0,1-2 Year,Yes,38765.0,163.0,280
16477855,Female,68,1,28.0,1,1-2 Year,Yes,2630.0,122.0,105
14356310,Male,22,1,15.0,1,< 1 Year,No,39329.0,152.0,232
12821428,Male,28,1,50.0,0,< 1 Year,Yes,43653.0,124.0,53
15760930,Male,67,1,28.0,1,1-2 Year,Yes,61883.0,30.0,194
15214128,Male,20,1,29.0,0,< 1 Year,No,2630.0,160.0,130
17379142,Male,28,1,11.0,0,< 1 Year,Yes,24277.0,163.0,78
17992763,Male,50,1,28.0,0,1-2 Year,Yes,33725.0,124.0,226
17304182,Female,64,1,8.0,0,1-2 Year,Yes,50902.0,26.0,151
14896818,Female,23,1,28.0,1,< 1 Year,No,49750.0,152.0,81
14714943,Male,63,1,35.0,0,1-2 Year,Yes,38161.0,88.0,145
12114134,Male,27,1,41.0,1,< 1 Year,No,52220.0,152.0,158
17636044,Male,46,1,28.0,0,1-2 Year,Yes,57223.0,26.0,290
16570498,Male,48,1,28.0,1,1-2 Year,No,29584.0,26.0,120
17657659,Male,28,1,16.0,1,< 1 Year,No,20573.0,152.0,157
18804724,Male,26,1,33.0,1,< 1 Year,No,32940.0,152.0,174
15611328,Male,47,1,28.0,0,1-2 Year,Yes,33609.0,26.0,83
13620368,Male,35,1,28.0,1,1-2 Year,No,45979.0,124.0,211
13666970,Female,22,1,47.0,1,< 1 Year,No,40277.0,152.0,188
12921035,Female,43,1,46.0,1,1-2 Year,No,29478.0,124.0,260
17833866,Male,44,1,28.0,0,1-2 Year,Yes,63220.0,26.0,232
13880278,Female,56,1,28.0,0,1-2 Year,Yes,51568.0,124.0,151
11864512,Male,38,1,28.0,0,1-2 Year,Yes,29642.0,26.0,191
16821072,Female,39,1,33.0,0,1-2 Year,Yes,2630.0,156.0,250
18366726,Male,49,1,28.0,0,1-2 Year,Yes,27642.0,122.0,113
16754185,Male,72,1,28.0,0,1-2 Year,Yes,57221.0,122.0,69
18354189,Female,25,1,18.0,0,< 1 Year,Yes,2630.0,152.0,195
16516362,Female,29,1,36.0,0,< 1 Year,No,30668.0,152.0,100
15618495,Male,44,1,7.0,1,1-2 Year,No,2630.0,154.0,211
18810385,Female,23,1,21.0,1,< 1 Year,No,32167.0,152.0,213
16700929,Female,42,1,28.0,0,1-2 Year,Yes,51156.0,26.0,218
18750064,Male,25,1,37.0,1,< 1 Year,No,39276.0,152.0,169
15537975,Male,41,1,2.0,0,1-2 Year,Yes,31576.0,26.0,292
18773416,Female,41,1,47.0,1,1-2 Year,No,33249.0,124.0,267
14575738,Male,53,1,28.0,1,1-2 Year,No,72367.0,26.0,233
11846799,Male,38,1,30.0,1,1-2 Year,No,26718.0,152.0,293
17655341,Female,24,1,8.0,1,< 1 Year,No,41001.0,152.0,260
17469507,Female,40,1,8.0,1,1-2 Year,Yes,31532.0,154.0,64
13395841,Male,25,1,33.0,1,< 1 Year,No,30086.0,152.0,228
18948245,Female,25,1,8.0,1,< 1 Year,No,34259.0,152.0,262
16418723,Male,34,1,8.0,0,1-2 Year,No,38950.0,152.0,137
14885132,Male,70,1,30.0,0,1-2 Year,Yes,2630.0,152.0,250
13599117,Female,21,1,36.0,0,< 1 Year,Yes,32678.0,152.0,287
17723034,Male,28,1,28.0,0,< 1 Year,Yes,29587.0,152.0,254
16111652,Female,22,1,28.0,0,1-2 Year,Yes,2630.0,124.0,161
18404970,Female,42,1,28.0,1,1-2 Year,No,33683.0,26.0,245
14754512,Female,24,1,15.0,1,< 1 Year,No,38003.0,152.0,161
13130389,Male,44,1,7.0,0,1-2 Year,Yes,2630.0,26.0,248
17582987,Male,24,1,28.0,1,< 1 Year,No,25695.0,152.0,293
16126625,Female,60,1,28.0,0,> 2 Years,Yes,29809.0,26.0,74
11714411,Female,25,1,28.0,0,< 1 Year,Yes,31425.0,152.0,96
12052988,Female,21,1,11.0,1,< 1 Year,No,29295.0,160.0,191
14560211,Male,55,1,36.0,0,1-2 Year,Yes,33263.0,26.0,241
15521159,Female,73,1,28.0,0,1-2 Year,Yes,27662.0,26.0,98
13599564,Male,26,1,35.0,1,< 1 Year,No,30372.0,152.0,197
14562384,Male,61,1,28.0,1,1-2 Year,No,52351.0,26.0,15
17206859,Male,50,1,2.0,0,1-2 Year,Yes,2630.0,157.0,210
16388687,Female,26,1,17.0,1,< 1 Year,No,45619.0,152.0,238
17924754,Female,66,1,24.0,1,1-2 Year,No,2630.0,145.0,155
16334809,Female,33,1,46.0,0,< 1 Year,Yes,2630.0,156.0,201
14377773,Male,41,1,28.0,0,1-2 Year,Yes,40449.0,124.0,132
18247499,Female,25,1,8.0,1,< 1 Year,No,32530.0,152.0,250
15655463,Male,51,1,28.0,0,1-2 Year,Yes,36351.0,26.0,270
11942565,Female,45,1,28.0,0,1-2 Year,Yes,41715.0,26.0,72
14938127,Female,45,1,28.0,1,1-2 Year,No,50303.0,124.0,181
14710166,Female,45,1,10.0,1,1-2 Year,Yes,2630.0,124.0,37
18675282,Female,25,1,15.0,0,< 1 Year,Yes,28105.0,152.0,59
12362641,Female,30,1,46.0,0,1-2 Year,Yes,23981.0,156.0,125
11628640,Male,59,1,28.0,0,1-2 Year,Yes,54258.0,26.0,69
16950345,Male,42,1,41.0,0,1-2 Year,No,25858.0,124.0,287
17928715,Female,42,1,6.0,0,1-2 Year,Yes,31648.0,124.0,226
15565211,Female,25,1,28.0,1,< 1 Year,No,35025.0,152.0,192
15634912,Male,31,1,41.0,0,< 1 Year,Yes,30681.0,163.0,293
14173934,Male,48,1,46.0,1,1-2 Year,No,2630.0,152.0,211
16271440,Female,21,1,8.0,0,< 1 Year,Yes,40220.0,160.0,17
16974182,Male,53,1,2.0,1,1-2 Year,No,2630.0,124.0,44
14445823,Male,26,1,47.0,0,< 1 Year,Yes,34751.0,152.0,169
13054127,Female,31,1,15.0,1,< 1 Year,No,2630.0,160.0,186
14469975,Male,25,1,9.0,0,< 1 Year,Yes,30164.0,152.0,257
12318859,Male,60,1,43.0,0,1-2 Year,Yes,2630.0,26.0,126
14473254,Female,29,1,7.0,0,1-2 Year,Yes,2630.0,156.0,165
18782065,Female,26,1,33.0,0,< 1 Year,Yes,35508.0,152.0,96
13592700,Female,46,1,28.0,0,1-2 Year,Yes,39199.0,26.0,114
12871283,Male,25,1,27.0,0,< 1 Year,No,2630.0,124.0,193
13561041,Female,27,1,28.0,0,< 1 Year,Yes,57385.0,26.0,79
12035719,Female,29,1,16.0,1,< 1 Year,No,23303.0,152.0,132
12610630,Female,25,1,28.0,0,< 1 Year,Yes,54828.0,152.0,54
16771965,Female,36,1,28.0,0,1-2 Year,Yes,2630.0,154.0,220
17985778,Male,51,1,41.0,0,1-2 Year,No,33233.0,26.0,73
17743771,Female,43,1,28.0,0,1-2 Year,Yes,34941.0,26.0,194
17467802,Male,21,1,8.0,0,< 1 Year,Yes,39237.0,152.0,189
14775445,Male,29,1,14.0,0,< 1 Year,Yes,2630.0,156.0,219
12479039,Male,42,1,28.0,0,1-2 Year,Yes,30332.0,26.0,10
18222395,Female,22,1,41.0,1,< 1 Year,No,34545.0,152.0,187
12090500,Male,35,1,48.0,1,1-2 Year,No,2630.0,124.0,54
16986444,Male,63,1,50.0,1,1-2 Year,No,52432.0,26.0,165
12298439,Female,50,1,28.0,0,1-2 Year,Yes,41754.0,124.0,57
15515501,Female,48,1,28.0,0,1-2 Year,Yes,44922.0,26.0,142
14939348,Female,22,1,30.0,1,< 1 Year,No,32345.0,152.0,27
12145775,Female,23,1,15.0,0,< 1 Year,Yes,45941.0,152.0,218
13777254,Female,54,1,41.0,1,1-2 Year,No,2630.0,152.0,284
14185400,Male,47,1,31.0,0,1-2 Year,Yes,2630.0,120.0,130
17972635,Male,55,1,31.0,1,1-2 Year,Yes,2630.0,124.0,202
15258069,Male,20,1,35.0,1,< 1 Year,No,27499.0,160.0,197
16895940,Female,26,1,30.0,1,< 1 Year,No,25016.0,152.0,32
14516532,Female,55,1,26.0,1,1-2 Year,No,51475.0,22.0,244
18285570,Male,47,1,47.0,0,1-2 Year,Yes,2630.0,124.0,63
13809712,Female,26,1,8.0,1,< 1 Year,No,48764.0,152.0,226
16945547,Male,22,1,28.0,0,< 1 Year,Yes,34723.0,152.0,37
17680109,Male,33,1,15.0,1,< 1 Year,No,31712.0,152.0,128
14004868,Male,70,1,19.0,0,1-2 Year,Yes,31875.0,124.0,187
17750351,Female,25,1,29.0,0,< 1 Year,Yes,2630.0,152.0,293
12692107,Female,44,1,41.0,0,1-2 Year,Yes,32766.0,13.0,145
14116325,Female,44,1,28.0,0,1-2 Year,Yes,39666.0,124.0,283
18996673,Male,20,1,8.0,0,< 1 Year,Yes,48428.0,160.0,185
12596224,Female,24,1,8.0,1,< 1 Year,No,38325.0,152.0,31
12832166,Male,45,1,28.0,0,1-2 Year,Yes,33620.0,26.0,121
13097325,Female,32,1,4.0,1,< 1 Year,No,25386.0,152.0,257
18875674,Female,38,1,28.0,1,1-2 Year,No,27317.0,122.0,110
13331737,Male,27,1,45.0,1,< 1 Year,No,25403.0,152.0,224
14834331,Female,23,1,36.0,0,< 1 Year,Yes,30021.0,152.0,193
13884255,Male,23,1,30.0,1,< 1 Year,No,24758.0,152.0,191
14118696,Male,64,1,10.0,0,1-2 Year,Yes,2630.0,156.0,187
15148322,Female,22,1,29.0,1,< 1 Year,No,39118.0,152.0,228
18819220,Female,63,1,15.0,1,1-2 Year,No,2630.0,160.0,117
13564806,Female,24,1,7.0,1,< 1 Year,No,41189.0,152.0,101
18805210,Female,34,1,8.0,0,1-2 Year,Yes,2630.0,157.0,95
16182773,Male,24,1,15.0,1,< 1 Year,No,38267.0,152.0,33
11808658,Male,22,1,45.0,0,< 1 Year,Yes,35620.0,152.0,202
16013961,Male,36,1,48.0,1,1-2 Year,No,2630.0,15.0,135
13180618,Female,56,1,1.0,0,1-2 Year,Yes,2630.0,55.0,241
18700263,Male,41,1,36.0,1,1-2 Year,No,27968.0,124.0,50
13208195,Female,27,1,15.0,0,< 1 Year,No,28709.0,152.0,280
17833469,Female,70,1,3.0,1,1-2 Year,No,2630.0,26.0,131
13822456,Male,37,1,41.0,0,1-2 Year,Yes,36001.0,155.0,250
11756311,Male,21,1,46.0,1,< 1 Year,No,27963.0,160.0,118
15151956,Male,52,1,30.0,1,1-2 Year,Yes,29476.0,26.0,241
14850873,Male,43,1,31.0,1,1-2 Year,No,2630.0,26.0,11
12765931,Male,25,1,37.0,0,< 1 Year,Yes,29345.0,152.0,242
17180321,Male,25,1,15.0,0,< 1 Year,Yes,27370.0,152.0,145
16676206,Female,60,1,28.0,0,1-2 Year,Yes,48722.0,26.0,137
12363365,Female,41,1,28.0,0,1-2 Year,Yes,52739.0,122.0,270
16865173,Female,23,1,11.0,0,< 1 Year,No,47469.0,152.0,241
18708908,Female,35,1,28.0,0,1-2 Year,Yes,57313.0,124.0,100
16794185,Female,23,1,11.0,1,< 1 Year,No,27968.0,152.0,119
15449891,Male,28,1,28.0,1,< 1 Year,No,32380.0,152.0,20
16881266,Female,33,1,46.0,1,< 1 Year,No,28337.0,151.0,265
12553295,Female,23,1,43.0,0,< 1 Year,Yes,41927.0,152.0,91
13036719,Female,25,1,33.0,1,< 1 Year,No,31084.0,152.0,268
11706293,Male,41,1,4.0,0,1-2 Year,Yes,2630.0,124.0,215
12909610,Male,24,1,21.0,1,< 1 Year,No,33141.0,152.0,111
14543184,Male,53,1,47.0,0,1-2 Year,Yes,58640.0,124.0,76
18859947,Male,60,1,28.0,1,1-2 Year,No,36345.0,122.0,140
14176245,Male,20,1,10.0,1,< 1 Year,No,2630.0,160.0,81
13910282,Female,25,1,41.0,1,< 1 Year,No,2630.0,151.0,211
13665452,Female,38,1,28.0,0,1-2 Year,Yes,26377.0,157.0,73
13988868,Female,66,1,33.0,1,1-2 Year,No,30342.0,26.0,275
16349700,Female,42,1,8.0,1,1-2 Year,No,27961.0,124.0,109
16674074,Male,80,1,28.0,0,> 2 Years,Yes,44240.0,122.0,52
14287732,Female,67,1,46.0,1,1-2 Year,No,2630.0,26.0,86
18346993,Male,26,1,29.0,1,< 1 Year,No,40335.0,152.0,237
14493956,Female,35,1,14.0,1,1-2 Year,No,36167.0,155.0,92
15595687,Female,47,1,28.0,0,1-2 Year,Yes,50621.0,122.0,299
18237069,Male,60,1,8.0,1,1-2 Year,No,38309.0,26.0,104
12679512,Male,25,1,13.0,0,< 1 Year,Yes,2630.0,156.0,134
14948949,Female,22,1,29.0,1,< 1 Year,No,32603.0,152.0,162
18987409,Female,22,1,29.0,0,< 1 Year,Yes,34395.0,152.0,249
18371412,Male,68,1,28.0,0,1-2 Year,No,46888.0,124.0,208
16392976,Male,41,1,28.0,0,1-2 Year,Yes,35469.0,52.0,195
17604105,Male,70,1,7.0,0,> 2 Years,Yes,2630.0,124.0,187
16356028,Female,24,1,41.0,1,< 1 Year,No,24608.0,152.0,79
11872079,Male,59,1,28.0,0,> 2 Years,Yes,58870.0,124.0,213
12535331,Male,63,1,8.0,0,1-2 Year,Yes,34050.0,26.0,242
11946249,Female,51,1,28.0,0,1-2 Year,Yes,36552.0,124.0,27
17888582,Male,28,1,50.0,1,< 1 Year,No,33192.0,152.0,172
15682974,Female,20,1,46.0,1,< 1 Year,No,27731.0,160.0,80
17889134,Female,29,1,41.0,1,< 1 Year,No,32823.0,152.0,24
17969860,Female,24,1,18.0,0,< 1 Year,Yes,31749.0,152.0,207
16792025,Male,40,1,28.0,0,1-2 Year,Yes,37964.0,26.0,258
17212083,Male,21,1,47.0,0,< 1 Year,Yes,34997.0,152.0,142
13294155,Male,34,1,15.0,1,< 1 Year,No,2630.0,152.0,242
15114075,Female,25,1,35.0,1,< 1 Year,No,27959.0,152.0,280
14356791,Female,68,1,28.0,0,> 2 Years,Yes,49295.0,124.0,202
19160653,Female,22,1,8.0,0,1-2 Year,Yes,34813.0,26.0,298
14934139,Male,45,1,28.0,1,1-2 Year,No,43845.0,124.0,245
12564989,Male,48,1,13.0,1,1-2 Year,No,28462.0,124.0,228
14098342,Male,22,1,8.0,0,< 1 Year,Yes,44572.0,152.0,186
14953382,Male,53,1,28.0,0,1-2 Year,Yes,35463.0,26.0,99
11595920,Female,28,1,8.0,0,< 1 Year,No,41725.0,152.0,247
17020444,Female,24,1,41.0,1,< 1 Year,No,35368.0,152.0,70
18977421,Male,50,1,33.0,0,1-2 Year,Yes,46843.0,26.0,195
15970614,Male,59,1,18.0,0,1-2 Year,Yes,31953.0,124.0,58
18574263,Male,51,1,25.0,0,1-2 Year,Yes,25894.0,124.0,24
16808231,Female,28,1,45.0,1,< 1 Year,No,31676.0,152.0,282
18469531,Male,54,1,30.0,0,1-2 Year,Yes,38672.0,26.0,150
14048719,Female,42,1,4.0,0,1-2 Year,Yes,42015.0,26.0,187
13033993,Female,42,1,28.0,1,1-2 Year,No,2630.0,124.0,48
12429700,Male,22,1,8.0,0,< 1 Year,Yes,37859.0,163.0,240
15329345,Female,48,1,28.0,0,1-2 Year,Yes,29399.0,154.0,130
15787227,Female,52,1,20.0,0,1-2 Year,Yes,2630.0,124.0,158
16066940,Female,23,1,21.0,1,< 1 Year,No,26776.0,152.0,132
13248773,Male,64,1,29.0,1,1-2 Year,No,33159.0,124.0,237
18656707,Female,21,1,49.0,0,< 1 Year,No,28570.0,160.0,210
15568252,Male,42,1,33.0,0,1-2 Year,Yes,24809.0,124.0,251
11923249,Male,60,1,50.0,0,1-2 Year,Yes,26800.0,156.0,88
17734033,Male,46,1,28.0,0,1-2 Year,Yes,39749.0,26.0,248
18873655,Female,27,1,18.0,1,< 1 Year,No,29201.0,152.0,25
16252098,Female,22,1,49.0,1,< 1 Year,No,23597.0,152.0,136
17359502,Male,46,1,28.0,0,1-2 Year,Yes,46639.0,13.0,187
16250213,Male,26,1,3.0,1,< 1 Year,No,35262.0,152.0,291
16780542,Female,23,1,8.0,1,< 1 Year,No,42602.0,152.0,126
17016011,Male,26,1,28.0,1,< 1 Year,No,2630.0,152.0,67
18556918,Female,40,1,28.0,0,1-2 Year,Yes,28251.0,124.0,202
17539196,Male,69,1,28.0,1,1-2 Year,No,51265.0,26.0,256
16784878,Female,60,1,28.0,0,1-2 Year,Yes,43134.0,26.0,245
19082118,Female,34,1,8.0,0,1-2 Year,Yes,52822.0,7.0,258
17135073,Female,34,1,30.0,1,1-2 Year,No,27977.0,151.0,125
17045071,Male,56,1,28.0,0,1-2 Year,Yes,39380.0,26.0,71
17383876,Male,23,1,27.0,0,< 1 Year,Yes,27968.0,152.0,242
13643466,Male,53,1,46.0,0,1-2 Year,Yes,29797.0,11.0,221
16001321,Male,27,1,46.0,1,< 1 Year,No,32144.0,152.0,96
16453596,Female,28,1,28.0,1,< 1 Year,No,53698.0,152.0,298
16677681,Male,32,1,28.0,0,1-2 Year,No,33875.0,124.0,250
16922882,Male,37,1,28.0,0,1-2 Year,Yes,38592.0,26.0,194
12700748,Male,47,1,47.0,0,> 2 Years,Yes,36168.0,163.0,113
16726000,Female,24,1,21.0,1,< 1 Year,No,29998.0,152.0,82
13120610,Male,36,1,28.0,1,1-2 Year,No,44392.0,124.0,69
14154256,Male,51,1,41.0,0,1-2 Year,Yes,30665.0,124.0,41
17073315,Female,28,1,37.0,1,< 1 Year,No,31239.0,152.0,242
14475106,Female,73,1,8.0,0,1-2 Year,Yes,53922.0,19.0,148
12413509,Male,46,1,28.0,0,1-2 Year,Yes,63537.0,26.0,51
15534057,Male,47,1,28.0,0,1-2 Year,Yes,37270.0,26.0,232
18746678,Female,28,1,18.0,1,< 1 Year,No,25216.0,152.0,152
14343127,Male,21,1,25.0,0,< 1 Year,Yes,29187.0,160.0,130
16503380,Male,25,1,28.0,1,< 1 Year,No,29661.0,152.0,199
16359574,Male,24,1,2.0,1,< 1 Year,No,29391.0,151.0,211
17500494,Female,36,1,50.0,0,1-2 Year,Yes,33038.0,152.0,90
16028467,Male,23,1,28.0,0,< 1 Year,Yes,35133.0,124.0,20
18525277,Female,39,1,8.0,1,1-2 Year,No,2630.0,19.0,192
13310154,Female,45,1,29.0,1,1-2 Year,Yes,38997.0,163.0,172
15512467,Male,22,1,41.0,1,< 1 Year,No,60466.0,152.0,51
12900619,Female,36,1,44.0,0,1-2 Year,Yes,29417.0,150.0,270
18830672,Male,21,1,3.0,0,< 1 Year,Yes,27380.0,124.0,137
15918742,Female,29,1,28.0,1,< 1 Year,No,39503.0,152.0,272
13226237,Male,22,1,47.0,0,< 1 Year,Yes,29097.0,152.0,257
13766783,Female,56,1,8.0,1,1-2 Year,No,24700.0,152.0,268
14754427,Male,44,1,46.0,0,1-2 Year,Yes,37262.0,124.0,73
18946683,Female,27,1,18.0,1,< 1 Year,No,30981.0,152.0,181
14424435,Male,58,1,28.0,0,1-2 Year,Yes,37239.0,26.0,117
17975975,Female,24,1,30.0,1,< 1 Year,No,29085.0,152.0,257
14393126,Female,56,1,1.0,0,1-2 Year,Yes,2630.0,26.0,195
11858061,Female,24,1,16.0,1,< 1 Year,No,31448.0,152.0,192
17353813,Female,22,1,8.0,0,< 1 Year,Yes,36131.0,152.0,27
15336617,Female,71,1,23.0,0,> 2 Years,Yes,2630.0,124.0,256
13614937,Female,27,1,15.0,1,< 1 Year,No,31836.0,152.0,278
15233930,Male,31,1,39.0,1,< 1 Year,No,29897.0,152.0,191
13046092,Male,24,1,46.0,0,< 1 Year,No,2630.0,152.0,224
13197173,Female,25,1,11.0,0,1-2 Year,Yes,30282.0,124.0,126
12050932,Male,51,1,28.0,0,1-2 Year,No,38614.0,124.0,272
13878140,Female,24,1,8.0,1,< 1 Year,No,39598.0,152.0,127
13553595,Female,44,1,45.0,0,1-2 Year,Yes,46927.0,55.0,123
13422426,Female,27,1,43.0,1,< 1 Year,No,46613.0,152.0,98
13853150,Male,23,1,30.0,1,< 1 Year,No,30681.0,152.0,146
14935079,Female,39,1,28.0,0,1-2 Year,Yes,30420.0,26.0,213
17183669,Female,42,1,33.0,0,1-2 Year,Yes,27983.0,13.0,48
16041013,Female,52,1,28.0,1,1-2 Year,No,47149.0,13.0,117
12619230,Male,38,1,24.0,0,1-2 Year,Yes,27176.0,124.0,20
18117165,Male,22,1,41.0,1,< 1 Year,No,35663.0,152.0,38
12507395,Male,23,1,17.0,0,< 1 Year,Yes,36405.0,152.0,110
13950402,Female,41,1,31.0,0,1-2 Year,Yes,2630.0,124.0,275
14871281,Male,50,1,28.0,0,1-2 Year,Yes,44842.0,26.0,46
12418044,Male,76,1,28.0,0,1-2 Year,Yes,47303.0,26.0,11
13261659,Male,21,1,8.0,1,< 1 Year,No,32591.0,152.0,56
11725989,Male,56,1,28.0,0,1-2 Year,Yes,41262.0,124.0,78
17811482,Male,62,1,46.0,0,1-2 Year,Yes,2630.0,124.0,88
15768791,Male,24,1,30.0,1,< 1 Year,No,29340.0,152.0,237
14773631,Female,25,1,13.0,1,< 1 Year,No,27119.0,152.0,129
15832152,Female,22,1,46.0,1,< 1 Year,No,25904.0,152.0,232
15185892,Male,28,1,47.0,0,< 1 Year,Yes,2630.0,152.0,186
13544497,Female,25,1,24.0,0,< 1 Year,Yes,37840.0,152.0,177
17694743,Male,43,1,28.0,0,1-2 Year,Yes,56886.0,26.0,208
15538813,Female,24,1,29.0,0,1-2 Year,Yes,33651.0,124.0,244
17902780,Male,25,1,2.0,1,< 1 Year,No,32548.0,152.0,236
17981470,Female,24,1,3.0,0,< 1 Year,Yes,26174.0,152.0,79
12419644,Female,48,1,29.0,1,1-2 Year,No,45634.0,135.0,70
12712594,Male,56,1,50.0,0,1-2 Year,Yes,37459.0,26.0,294
12900515,Female,23,1,47.0,1,< 1 Year,No,33828.0,152.0,178
11766308,Male,23,1,23.0,1,< 1 Year,No,29644.0,152.0,232
12935507,Male,20,1,11.0,1,< 1 Year,No,39745.0,160.0,164
11618169,Male,24,1,21.0,1,< 1 Year,No,38010.0,152.0,258
13150836,Female,23,1,41.0,0,< 1 Year,Yes,49878.0,26.0,95
18563475,Male,40,1,34.0,1,1-2 Year,Yes,39744.0,124.0,271
12100602,Male,28,1,28.0,1,< 1 Year,No,45484.0,26.0,233
12208450,Male,37,1,28.0,0,1-2 Year,Yes,2630.0,31.0,115
13903901,Male,23,1,13.0,0,< 1 Year,Yes,31206.0,152.0,111
15453378,Male,48,1,28.0,0,> 2 Years,Yes,71228.0,26.0,167
14759228,Male,54,1,28.0,1,1-2 Year,No,28641.0,124.0,283
13090374,Male,25,1,7.0,0,< 1 Year,Yes,2630.0,152.0,134
11706292,Female,55,1,47.0,1,1-2 Year,No,32960.0,26.0,27
16501568,Male,41,1,46.0,0,1-2 Year,Yes,39132.0,124.0,137
11606779,Female,35,1,9.0,1,1-2 Year,No,47740.0,152.0,112
17861933,Female,50,1,28.0,0,1-2 Year,Yes,70789.0,3.0,74
14954935,Female,21,1,32.0,0,< 1 Year,Yes,29388.0,152.0,218
16469710,Male,22,1,30.0,1,< 1 Year,No,30452.0,152.0,191
19167509,Female,28,1,37.0,1,< 1 Year,No,27240.0,152.0,247
15899100,Female,24,1,29.0,1,< 1 Year,No,28368.0,152.0,192
16003498,Female,24,1,43.0,1,< 1 Year,No,32176.0,152.0,239
16474943,Female,31,1,8.0,1,< 1 Year,No,33944.0,152.0,193
17893838,Female,44,1,21.0,0,1-2 Year,Yes,30863.0,157.0,284
16531628,Female,28,1,8.0,1,< 1 Year,No,48721.0,152.0,84
12584090,Male,68,1,28.0,1,1-2 Year,No,38618.0,124.0,79
17169217,Male,22,1,28.0,1,< 1 Year,No,35379.0,152.0,165
14704319,Male,26,1,33.0,0,< 1 Year,Yes,2630.0,152.0,282
17622052,Female,25,1,10.0,1,< 1 Year,No,26553.0,152.0,178
14909706,Male,45,1,29.0,0,> 2 Years,Yes,2630.0,156.0,266
14594373,Male,41,1,28.0,0,1-2 Year,Yes,41666.0,26.0,239
13509509,Female,22,1,29.0,1,< 1 Year,No,32474.0,152.0,150
13291772,Female,24,1,8.0,0,< 1 Year,Yes,51400.0,152.0,253
11550134,Male,26,1,11.0,1,< 1 Year,No,23116.0,152.0,60
14071114,Female,23,1,50.0,1,< 1 Year,No,24407.0,152.0,71
17513299,Male,47,1,28.0,0,1-2 Year,Yes,46998.0,26.0,267
12694227,Male,25,1,29.0,1,< 1 Year,No,33067.0,152.0,226
15592369,Male,48,1,28.0,0,1-2 Year,Yes,52266.0,122.0,221
15076110,Male,21,1,50.0,1,< 1 Year,No,45126.0,160.0,133
17112922,Male,58,1,15.0,0,> 2 Years,Yes,27173.0,26.0,268
13540744,Female,27,1,47.0,0,< 1 Year,No,30839.0,152.0,298
13533988,Male,42,1,23.0,0,1-2 Year,Yes,2630.0,124.0,234
17809128,Male,46,1,8.0,0,1-2 Year,Yes,46245.0,26.0,285
16744409,Male,23,1,34.0,0,< 1 Year,Yes,27294.0,152.0,123
19006902,Male,54,1,28.0,0,> 2 Years,Yes,38987.0,124.0,167
11572680,Male,65,1,48.0,0,1-2 Year,Yes,2630.0,124.0,152
15270633,Male,52,1,16.0,0,1-2 Year,Yes,36805.0,124.0,193
12438887,Male,20,1,46.0,1,< 1 Year,No,41945.0,160.0,262
13820849,Male,41,1,8.0,1,1-2 Year,No,43478.0,124.0,151
12228536,Male,45,1,28.0,0,1-2 Year,Yes,40236.0,26.0,263
19012230,Male,40,1,28.0,0,1-2 Year,Yes,45269.0,26.0,227
14038685,Male,58,1,41.0,1,1-2 Year,No,50316.0,124.0,19
18034093,Male,72,1,38.0,0,> 2 Years,Yes,23702.0,124.0,104
11666716,Male,42,1,50.0,0,1-2 Year,Yes,2630.0,26.0,91
13348360,Male,64,1,28.0,0,> 2 Years,Yes,39218.0,26.0,86
16199033,Female,44,1,15.0,1,1-2 Year,No,30375.0,124.0,31
13344340,Female,28,1,46.0,1,< 1 Year,Yes,28181.0,152.0,142
12852305,Male,25,1,39.0,1,< 1 Year,No,24795.0,152.0,260
13082660,Male,42,1,28.0,0,> 2 Years,Yes,2630.0,122.0,289
19084620,Male,50,1,28.0,0,1-2 Year,Yes,54231.0,124.0,272
17469555,Female,22,1,43.0,1,< 1 Year,No,32109.0,152.0,103
13438155,Male,39,1,28.0,0,1-2 Year,Yes,35419.0,124.0,144
14054587,Male,26,1,41.0,0,< 1 Year,Yes,32510.0,152.0,272
17243627,Male,21,1,50.0,0,< 1 Year,Yes,31495.0,152.0,202
18254377,Female,24,1,35.0,1,< 1 Year,No,27797.0,152.0,271
18063451,Male,29,1,30.0,1,< 1 Year,No,35337.0,152.0,91
13702569,Female,21,1,2.0,0,< 1 Year,No,34657.0,160.0,109
12157970,Male,24,1,24.0,1,< 1 Year,No,25407.0,152.0,281
13542401,Male,61,1,28.0,1,1-2 Year,No,40956.0,26.0,187
16905722,Male,38,1,28.0,1,1-2 Year,No,40404.0,124.0,31
16117381,Female,67,1,1.0,0,1-2 Year,Yes,2630.0,124.0,100
19073041,Female,40,1,41.0,0,1-2 Year,Yes,2630.0,157.0,272
13830518,Male,60,1,28.0,0,1-2 Year,Yes,48115.0,26.0,81
14665495,Female,27,1,25.0,1,< 1 Year,No,23777.0,152.0,186
16662490,Male,42,1,29.0,0,1-2 Year,Yes,49110.0,122.0,79
14314020,Female,76,1,2.0,1,1-2 Year,No,39384.0,124.0,155
12034689,Male,38,1,28.0,0,1-2 Year,Yes,45179.0,124.0,168
13126288,Female,26,1,28.0,1,< 1 Year,No,45492.0,152.0,158
13008696,Male,22,1,28.0,1,< 1 Year,No,52491.0,152.0,233
18109831,Female,22,1,8.0,0,< 1 Year,No,43766.0,152.0,293
19099001,Male,57,1,24.0,0,1-2 Year,Yes,24184.0,124.0,203
11714598,Male,43,1,28.0,0,1-2 Year,Yes,56434.0,124.0,152
16321374,Male,47,1,28.0,0,1-2 Year,Yes,50766.0,124.0,262
17160914,Female,24,1,28.0,0,< 1 Year,Yes,47374.0,26.0,140
18728790,Female,47,1,28.0,0,1-2 Year,Yes,39396.0,25.0,66
13571265,Female,21,1,46.0,1,< 1 Year,Yes,36090.0,160.0,250
17082686,Female,36,1,28.0,0,1-2 Year,Yes,37492.0,26.0,127
18108011,Male,39,1,28.0,0,1-2 Year,Yes,35375.0,124.0,96
14759400,Male,37,1,33.0,0,1-2 Year,Yes,29158.0,26.0,114
14780300,Female,25,1,41.0,1,< 1 Year,No,24993.0,152.0,242
13901225,Female,24,1,46.0,1,< 1 Year,No,28212.0,152.0,168
11643785,Male,44,1,28.0,0,1-2 Year,Yes,42358.0,26.0,84
14218279,Female,38,1,30.0,0,1-2 Year,Yes,2630.0,26.0,165
16644088,Female,59,1,15.0,0,1-2 Year,No,49231.0,26.0,81
16882640,Male,52,1,47.0,0,> 2 Years,Yes,34199.0,124.0,187
17071111,Female,46,1,28.0,1,1-2 Year,No,49345.0,26.0,195
15263570,Male,46,1,28.0,1,1-2 Year,No,40626.0,124.0,69
16966742,Female,21,1,36.0,1,< 1 Year,No,26961.0,160.0,104
18891829,Female,23,1,33.0,1,< 1 Year,No,24999.0,26.0,194
17968877,Male,31,1,39.0,0,1-2 Year,Yes,2630.0,3.0,84
12049428,Female,39,1,28.0,0,1-2 Year,Yes,34152.0,122.0,73
13875583,Female,41,1,29.0,0,1-2 Year,Yes,2630.0,157.0,42
14059759,Female,71,1,29.0,0,1-2 Year,Yes,34832.0,26.0,233
15457271,Female,40,1,28.0,0,1-2 Year,Yes,27463.0,122.0,167
18024350,Male,38,1,36.0,0,1-2 Year,Yes,2630.0,152.0,282
18597532,Female,22,1,46.0,1,< 1 Year,No,23110.0,152.0,213
15620989,Male,50,1,28.0,1,1-2 Year,No,46918.0,124.0,141
12238006,Male,27,1,25.0,1,< 1 Year,No,24222.0,152.0,73
13088905,Male,31,1,23.0,1,< 1 Year,No,2630.0,152.0,118
18829342,Male,48,1,11.0,0,1-2 Year,Yes,27010.0,124.0,170
15511841,Female,72,1,28.0,0,1-2 Year,Yes,55740.0,26.0,123
15471929,Male,69,1,28.0,1,1-2 Year,No,46272.0,139.0,247
14051075,Male,53,1,8.0,0,1-2 Year,No,2630.0,26.0,30
16116915,Female,67,1,28.0,0,1-2 Year,Yes,64700.0,122.0,298
12271748,Male,21,1,37.0,0,< 1 Year,Yes,34707.0,160.0,199
18489492,Female,46,1,28.0,0,1-2 Year,Yes,36407.0,26.0,261
18592946,Male,23,1,46.0,1,< 1 Year,No,27667.0,152.0,195
15810765,Female,76,1,29.0,0,1-2 Year,Yes,31260.0,26.0,80
17041630,Female,36,1,50.0,1,1-2 Year,No,35420.0,124.0,185
16646064,Male,45,1,50.0,1,1-2 Year,No,37888.0,8.0,187
11925633,Female,25,1,30.0,1,< 1 Year,No,23401.0,152.0,151
15114513,Female,43,1,33.0,0,1-2 Year,Yes,48840.0,124.0,259
13639264,Female,44,1,28.0,0,1-2 Year,Yes,40354.0,124.0,138
17907387,Male,22,1,36.0,0,< 1 Year,No,29605.0,152.0,249
13341799,Female,24,1,14.0,1,< 1 Year,No,31886.0,152.0,158
12748062,Male,27,1,49.0,0,< 1 Year,Yes,24605.0,152.0,79
14529156,Female,53,1,39.0,0,1-2 Year,Yes,35675.0,26.0,27
14755466,Female,48,1,29.0,0,1-2 Year,No,2630.0,124.0,76
13520053,Male,24,1,46.0,1,< 1 Year,No,29856.0,160.0,215
12955346,Male,21,1,50.0,1,< 1 Year,No,39078.0,160.0,274
17915686,Female,27,1,2.0,1,< 1 Year,No,32544.0,152.0,185
13093478,Female,40,1,28.0,1,1-2 Year,No,39502.0,26.0,47
15179568,Female,71,1,8.0,1,1-2 Year,No,46001.0,26.0,44
17507941,Female,30,1,46.0,0,< 1 Year,Yes,24272.0,152.0,99
18223799,Female,21,1,46.0,1,< 1 Year,No,25234.0,160.0,76
18639482,Female,24,1,8.0,0,< 1 Year,Yes,44659.0,152.0,293
12157956,Female,32,1,28.0,0,< 1 Year,Yes,2630.0,124.0,262
18310393,Male,25,1,6.0,1,< 1 Year,No,27418.0,152.0,172
12760727,Male,65,1,28.0,0,1-2 Year,Yes,39233.0,26.0,106
14123136,Male,25,1,46.0,1,< 1 Year,No,24894.0,160.0,218
13880553,Male,24,1,6.0,1,< 1 Year,No,51558.0,152.0,189
18567781,Female,22,1,6.0,1,< 1 Year,No,33126.0,152.0,293
16985427,Male,21,1,22.0,1,< 1 Year,No,28059.0,152.0,67
13838600,Female,21,1,3.0,1,< 1 Year,No,25787.0,160.0,262
12526262,Female,23,1,6.0,1,< 1 Year,No,30563.0,152.0,103
12258835,Female,23,1,3.0,0,< 1 Year,Yes,35232.0,152.0,115
16731061,Female,24,1,43.0,1,< 1 Year,No,2630.0,160.0,191
13599508,Female,35,1,30.0,1,1-2 Year,No,2630.0,152.0,155
12562341,Male,47,1,48.0,1,1-2 Year,No,2630.0,96.0,282
18216196,Male,66,1,28.0,1,1-2 Year,No,47708.0,26.0,153
13167199,Male,60,1,48.0,0,1-2 Year,Yes,2630.0,26.0,88
14655813,Female,22,1,35.0,1,< 1 Year,No,30658.0,152.0,78
12836943,Female,36,1,21.0,0,1-2 Year,Yes,2630.0,156.0,183
14905700,Female,43,1,28.0,0,1-2 Year,Yes,34368.0,26.0,126
13180140,Male,65,1,28.0,1,1-2 Year,No,36068.0,55.0,299
19047317,Female,53,1,15.0,0,1-2 Year,Yes,2630.0,26.0,240
15669854,Male,22,1,6.0,0,< 1 Year,Yes,24167.0,152.0,221
13256030,Female,49,1,28.0,0,1-2 Year,Yes,37726.0,26.0,194
16341433,Female,42,1,3.0,0,1-2 Year,Yes,28194.0,154.0,112
15318439,Male,46,1,23.0,0,1-2 Year,Yes,31691.0,26.0,98
14875314,Male,42,1,28.0,1,1-2 Year,No,35083.0,26.0,216
18403771,Female,25,1,29.0,1,< 1 Year,No,32325.0,152.0,85
15677841,Male,38,1,23.0,0,1-2 Year,Yes,2630.0,26.0,103
15497264,Male,57,1,41.0,0,1-2 Year,Yes,36822.0,124.0,240
12394686,Female,26,1,11.0,1,< 1 Year,No,27351.0,152.0,189
18804743,Male,38,1,8.0,0,1-2 Year,Yes,35999.0,124.0,164
14382662,Male,35,1,37.0,1,1-2 Year,No,27908.0,152.0,37
14315338,Male,24,1,24.0,0,< 1 Year,Yes,32136.0,152.0,272
15324965,Male,44,1,46.0,0,1-2 Year,No,21184.0,156.0,127
13261827,Male,56,1,8.0,1,1-2 Year,No,30348.0,26.0,208
16721674,Male,66,1,30.0,1,1-2 Year,No,2630.0,26.0,230
13325999,Male,70,1,28.0,0,1-2 Year,Yes,58428.0,26.0,113
13277409,Male,42,1,24.0,0,1-2 Year,Yes,32896.0,124.0,248
18876477,Male,21,1,8.0,0,< 1 Year,Yes,48744.0,160.0,194
11920428,Female,30,1,7.0,0,1-2 Year,Yes,36157.0,156.0,256
16339315,Male,54,1,28.0,0,1-2 Year,No,34870.0,26.0,251
12723370,Female,29,1,15.0,1,1-2 Year,No,2630.0,124.0,245
18896177,Female,55,1,35.0,0,1-2 Year,Yes,25809.0,124.0,173
18674406,Female,36,1,46.0,0,1-2 Year,Yes,39246.0,156.0,75
12802465,Male,47,1,3.0,0,1-2 Year,Yes,28583.0,124.0,231
13792968,Male,80,1,3.0,1,1-2 Year,No,2630.0,26.0,245
17825453,Male,59,1,28.0,0,> 2 Years,Yes,47822.0,124.0,242
14313197,Male,30,1,19.0,1,< 1 Year,No,35991.0,152.0,137
15068435,Male,22,1,46.0,0,< 1 Year,Yes,2630.0,156.0,114
18720397,Female,36,1,28.0,0,1-2 Year,Yes,34151.0,124.0,282
16318354,Male,57,1,46.0,0,1-2 Year,Yes,2630.0,124.0,45
14536112,Male,23,1,12.0,1,< 1 Year,No,32928.0,152.0,270
15214521,Female,23,1,46.0,1,< 1 Year,No,20863.0,26.0,11
19032314,Female,22,1,41.0,1,< 1 Year,No,23709.0,152.0,77
15692837,Female,26,1,50.0,1,< 1 Year,No,49512.0,152.0,94
13408572,Male,47,1,28.0,0,1-2 Year,Yes,30017.0,124.0,170
12377578,Female,39,1,24.0,0,1-2 Year,Yes,2630.0,156.0,264
14082559,Female,24,1,14.0,1,< 1 Year,No,25140.0,152.0,62
11848184,Male,46,1,28.0,0,1-2 Year,Yes,25790.0,124.0,251
13898705,Male,23,1,36.0,1,< 1 Year,No,31174.0,152.0,294
18389577,Male,49,1,28.0,0,1-2 Year,Yes,31276.0,124.0,220
15089525,Female,65,1,15.0,1,1-2 Year,No,38911.0,26.0,29
16320373,Male,42,1,28.0,0,1-2 Year,Yes,35997.0,154.0,201
11523978,Male,24,1,35.0,1,< 1 Year,No,2630.0,152.0,236
16971291,Female,39,1,2.0,0,1-2 Year,Yes,35461.0,124.0,125
16108538,Female,25,1,2.0,1,< 1 Year,No,40308.0,151.0,273
17338873,Female,22,1,30.0,1,< 1 Year,No,23646.0,152.0,24
18372428,Male,62,1,28.0,0,1-2 Year,Yes,29319.0,26.0,132
16104886,Male,49,1,50.0,0,1-2 Year,Yes,36240.0,124.0,101
14964193,Female,20,1,28.0,1,< 1 Year,No,35248.0,160.0,190
13827482,Female,22,1,15.0,1,< 1 Year,No,30479.0,26.0,205
15551443,Female,23,1,30.0,1,< 1 Year,No,23453.0,26.0,152
11794898,Female,28,1,28.0,0,< 1 Year,Yes,2630.0,122.0,149
13693226,Male,74,1,41.0,0,> 2 Years,Yes,52436.0,12.0,180
14031661,Female,26,1,46.0,1,< 1 Year,Yes,24467.0,152.0,251
14805725,Male,20,1,3.0,0,< 1 Year,Yes,54739.0,160.0,126
17760140,Male,24,1,15.0,0,< 1 Year,No,35544.0,152.0,130
17065753,Female,25,1,28.0,1,< 1 Year,No,54867.0,152.0,253
18304232,Male,52,1,28.0,0,1-2 Year,Yes,36267.0,26.0,71
12432053,Male,42,1,39.0,0,1-2 Year,Yes,30377.0,124.0,264
16935167,Female,46,1,15.0,0,1-2 Year,No,27141.0,152.0,194
12750270,Female,22,1,28.0,0,< 1 Year,Yes,33647.0,152.0,84
14474615,Female,25,1,21.0,1,< 1 Year,No,31846.0,152.0,162
12437496,Male,41,1,41.0,0,1-2 Year,No,2630.0,157.0,157
14466218,Female,38,1,8.0,0,1-2 Year,No,38660.0,26.0,257
17259791,Female,24,1,25.0,1,< 1 Year,No,25886.0,152.0,129
17950109,Female,21,1,37.0,1,< 1 Year,No,30012.0,160.0,248
15035387,Male,25,1,25.0,0,< 1 Year,No,30862.0,152.0,269
19135283,Female,24,1,2.0,1,< 1 Year,No,34032.0,152.0,179
16163831,Male,51,1,10.0,1,1-2 Year,No,37453.0,124.0,189
14356531,Female,45,1,8.0,0,> 2 Years,Yes,43461.0,154.0,72
18219863,Male,57,1,46.0,0,1-2 Year,Yes,39231.0,124.0,85
15624228,Female,22,1,3.0,1,< 1 Year,No,25336.0,152.0,297
17568708,Female,25,1,41.0,1,< 1 Year,No,25778.0,152.0,146
15925774,Female,41,1,15.0,1,1-2 Year,No,2630.0,152.0,215
12261922,Male,44,1,5.0,0,1-2 Year,Yes,27960.0,26.0,187
14212579,Female,63,1,28.0,0,1-2 Year,Yes,2630.0,156.0,183
18840112,Male,25,1,14.0,1,< 1 Year,No,35166.0,152.0,77
17816022,Male,59,1,28.0,0,1-2 Year,Yes,45660.0,124.0,214
11953435,Female,23,1,2.0,1,< 1 Year,No,30831.0,152.0,298
15783756,Female,24,1,47.0,0,< 1 Year,Yes,33913.0,152.0,40
14732029,Male,45,1,13.0,0,1-2 Year,Yes,2630.0,26.0,296
12582577,Female,23,1,15.0,1,< 1 Year,No,46555.0,152.0,197
11593556,Female,22,1,46.0,1,< 1 Year,No,31705.0,152.0,104
16273180,Male,22,1,46.0,1,< 1 Year,No,27363.0,152.0,256
18548771,Male,61,1,30.0,0,1-2 Year,Yes,26555.0,124.0,284
14318866,Male,55,1,28.0,0,1-2 Year,Yes,43503.0,124.0,54
18178623,Female,43,1,28.0,0,1-2 Year,Yes,41773.0,55.0,151
15480245,Female,51,1,48.0,1,1-2 Year,No,2630.0,26.0,238
16983195,Female,20,1,30.0,1,< 1 Year,No,24209.0,160.0,229
18727790,Female,55,1,28.0,0,1-2 Year,Yes,50327.0,26.0,36
15449445,Female,41,1,8.0,0,1-2 Year,Yes,40571.0,7.0,271
12468759,Male,44,1,50.0,1,1-2 Year,No,39661.0,8.0,245
18969914,Male,22,1,11.0,1,< 1 Year,No,48893.0,152.0,272
16711904,Male,32,1,30.0,1,< 1 Year,No,47111.0,152.0,96
17448035,Male,24,1,17.0,1,< 1 Year,No,40378.0,152.0,201
12867119,Female,25,1,28.0,1,< 1 Year,No,32891.0,152.0,19
14465867,Female,44,1,14.0,1,1-2 Year,No,2630.0,154.0,268
14048927,Female,20,1,28.0,1,< 1 Year,No,34373.0,160.0,219
14678000,Female,23,1,14.0,1,< 1 Year,No,36007.0,152.0,143
16444195,Male,24,1,8.0,1,< 1 Year,No,35376.0,152.0,94
17579610,Female,68,1,48.0,1,1-2 Year,No,2630.0,31.0,188
17403128,Male,40,1,28.0,0,1-2 Year,Yes,35000.0,124.0,161
14474912,Male,24,1,14.0,1,< 1 Year,No,27212.0,152.0,99
11568489,Male,45,1,32.0,0,1-2 Year,Yes,2630.0,124.0,242
18982441,Male,70,1,28.0,0,1-2 Year,Yes,47016.0,124.0,211
15158082,Female,22,1,8.0,1,< 1 Year,No,27470.0,152.0,262
18775751,Male,53,1,28.0,1,1-2 Year,No,33237.0,26.0,79
11580042,Male,24,1,28.0,1,< 1 Year,No,29353.0,160.0,94
12181224,Female,24,1,10.0,1,< 1 Year,No,34011.0,152.0,23
14941369,Male,36,1,30.0,0,1-2 Year,Yes,40381.0,152.0,108
16730794,Male,23,1,19.0,0,< 1 Year,Yes,34276.0,152.0,197
